SampleID,Virus,Verdict,Lower,Upper,IC50,Slope
837S1036,ENG24,Flattened,18.713351,18.713351,NA,0
837S1054,ENG24,Curved,4.52492,100,-8.005427,0.693147
837S1065,ENG24,Curved,6.498273,100,-8.412457,0.693147
837S1070,ENG24,Flattened,7.525283,7.525283,NA,0
837S1081,ENG24,Curved,21.369998,100,-8.699076,1.0913
837S1088,ENG24,Curved,-26.31908,100,-11.235784,0.915629
837S1089,ENG24,Curved,-26.541751,100,-10.863161,0.726499
837S1090,ENG24,Curved,34.842007,97.5043,-7.565328,1.370612
837S1100,ENG24,Curved,17.796854,100,-7.353165,1.18569
837S1101,ENG24,Curved,19.101377,100,-7.369293,0.752192
837S1106,ENG24,Flattened,39.578385,39.578385,NA,0
837S1109,ENG24,Curved,28.187169,91.650053,-6.366626,0.9378
837S1147,ENG24,Curved,17.557659,78.898026,-5.692982,2.484907
837S1152,ENG24,Flattened,12.735694,12.735694,NA,0
837S1154,ENG24,Curved,15.989702,100,-5.5,1.047881
837S1158,ENG24,Flattened,21.302746,21.302746,NA,0
837S1165,ENG24,Curved,-3.795946,100,-8.397365,1.19691
837S1171,ENG24,Flattened,6.236424,6.236424,NA,0
837S1183,ENG24,Curved,100,100,NA,0
837S1187,ENG24,Curved,11.116093,44.088923,-5.934087,2.484907
837S1197,ENG24,Curved,-3.296771,100,-9.24281,1.035118
837S1214,ENG24,Curved,17.674483,80.066158,-6.208452,2.299592
837S1216,ENG24,Curved,9.49003,100,-5.805455,2.484907
837S1218,ENG24,Curved,7.678854,88.204864,-7.0895,1.855205
837S1225,ENG24,Flattened,18.841249,18.841249,NA,0
837S1229,ENG24,Flattened,26.344483,26.344483,NA,0
837S1233,ENG24,Flattened,36.250231,36.250231,NA,0
837S1241,ENG24,Flattened,6.246535,6.246535,NA,0
837S1036,ENG25,Flattened,29.165577,29.165577,NA,0
837S1054,ENG25,Curved,28.911092,100,-5.889699,1.757284
837S1065,ENG25,Curved,32.660869,76.916247,-7.915146,0.693147
837S1070,ENG25,Flattened,38.458951,38.458951,NA,0
837S1081,ENG25,Curved,28.690744,100,-9.8434,1.175309
837S1088,ENG25,Curved,33.351686,85.166503,-6.343222,1.800719
837S1089,ENG25,Flattened,41.091493,41.091493,NA,0
837S1090,ENG25,Curved,38.028774,70.024978,-5.695862,2.484907
837S1100,ENG25,Curved,11.776201,100,-8.184126,0.693147
837S1101,ENG25,Curved,19.941077,100,-8.227212,0.693147
837S1106,ENG25,Curved,39.434707,80.394219,-8.274149,0.693147
837S1109,ENG25,Flattened,41.443559,41.443559,NA,0
837S1147,ENG25,Curved,20.085948,100,-6.958377,0.873675
837S1152,ENG25,Curved,30.955576,75.820693,-5.192719,2.484907
837S1154,ENG25,Curved,42.641784,100,-6.315681,0.693147
837S1158,ENG25,Flattened,43.477522,43.477522,NA,0
837S1165,ENG25,Curved,31.640428,100,-6.606088,0.783007
837S1171,ENG25,Flattened,39.987986,39.987986,NA,0
837S1183,ENG25,Curved,100,100,NA,0
837S1187,ENG25,Flattened,36.363636,36.363636,NA,0
837S1197,ENG25,Curved,27.011384,90.816517,-6.667868,1.040586
837S1214,ENG25,Curved,31.775314,100,-8.420718,0.693147
837S1216,ENG25,Flattened,32.761353,32.761353,NA,0
837S1218,ENG25,Curved,24.570833,84.190774,-6.177671,0.846568
837S1225,ENG25,Flattened,36.032808,36.032808,NA,0
837S1229,ENG25,Flattened,44.194936,44.194936,NA,0
837S1233,ENG25,Flattened,52.026597,52.026597,NA,0
837S1241,ENG25,Flattened,24.832776,24.832776,NA,0
837S1036,THA22,Curved,17.445476,100,-6.533715,0.827552
837S1054,THA22,Curved,-0.728532,100,-8.42861,0.763847
837S1065,THA22,Curved,4.870889,100,-9.068795,0.693147
837S1070,THA22,Flattened,19.665628,19.665628,NA,0
837S1081,THA22,Curved,15.191614,100,-9.030417,0.983347
837S1088,THA22,Curved,11.944836,100,-11.011471,1.228768
837S1089,THA22,Curved,27.755024,100,-9.875011,0.987349
837S1090,THA22,Curved,34.018232,98.192851,-7.90708,1.183075
837S1100,THA22,Curved,10.288625,100,-9.315352,0.949507
837S1101,THA22,Curved,17.548457,100,-8.471352,0.693147
837S1106,THA22,Curved,17.926488,94.276081,-8.699492,0.693147
837S1109,THA22,Curved,33.467049,90.645094,-6.957418,1.596663
837S1147,THA22,Curved,19.344105,100,-7.777806,0.843358
837S1152,THA22,Flattened,26.04765,26.04765,NA,0
837S1154,THA22,Curved,9.813597,100,-8.618432,0.693147
837S1158,THA22,Curved,21.251455,81.935006,-6.040814,0.693147
837S1165,THA22,Curved,31.813573,95.434923,-8.79053,2.27673
837S1171,THA22,Flattened,30.266102,30.266102,NA,0
837S1183,THA22,Curved,100,100,NA,0
837S1187,THA22,Curved,20.189807,53.793277,-6.296645,2.484907
837S1197,THA22,Curved,16.323159,100,-9.496627,1.716855
837S1214,THA22,Curved,-17.995072,100,-9.045537,0.693147
837S1216,THA22,Curved,7.865465,100,-6.62815,0.991437
837S1218,THA22,Curved,16.600583,88.68324,-7.843642,1.27094
837S1225,THA22,Curved,25.256875,86.875281,-5.396267,1.380088
837S1229,THA22,Curved,23.334833,85.888611,-5.487474,1.623515
837S1233,THA22,Curved,25,80,-6.961996,0.693147
837S1241,THA22,Flattened,17.60325,17.60325,NA,0
837S1007,ENG24,Curved,-1.020337,100,-6.844246,1.461859
837S1024,ENG24,Flattened,-1.069709,-1.069709,NA,0
837S1030,ENG24,Curved,3.288607,78.116695000000007,-6.772351,2.246529
837S1035,ENG24,Flattened,1.379161,1.379161,NA,0
837S1255,ENG24,Curved,51.99848,100,-9.023666,1.142752
837S1261,ENG24,Curved,38.014921,100,-8.250325,1.114064
837S1263,ENG24,Curved,11.37085,100,-10.643129,0.872922
837S1265,ENG24,Curved,100,100,NA,0
837S1271,ENG24,Curved,25.578011,99.93789,-10.031859,0.956382
837S1274,ENG24,Curved,100,100,NA,0
837S1278,ENG24,Flattened,28.49323,28.49323,NA,0
837S1279,ENG24,Curved,30,75,-6.4,1
837S1289,ENG24,Flattened,36.008007,36.008007,NA,0
837S1296,ENG24,Curved,40.475284,100,-6.124557,1.388165
837S1302,ENG24,Curved,100,100,NA,0
837S1304,ENG24,Flattened,44.5629,44.5629,NA,0
837S1311,ENG24,Curved,17.606617,100,-7.597859,0.697049
837S1316,ENG24,Curved,30.907681,100,-8.227188,0.693147
837S1320,ENG24,Flattened,31.517388,31.517388,NA,0
837S1324,ENG24,Curved,25.553609,100,-7.926152,0.768068
837S1336,ENG24,Curved,19.71288,100,-7.167651,0.762652
837S1343,ENG24,Curved,-50,100,-8.979724,1.602719
837S1353,ENG24,Flattened,21.038074,21.038074,NA,0
837S1355,ENG24,Curved,32.624931,90.965775,-7.074494,0.693147
837S1364,ENG24,Flattened,26.365941,26.365941,NA,0
837S1374,ENG24,Curved,100,100,NA,0
837S1382,ENG24,Curved,16.182627,100,-5.54736,0.693147
837S1392,ENG24,Curved,24.269872,100,-5.058665,0.8705
837S1007,ENG25,Flattened,2.951944,2.951944,NA,0
837S1024,ENG25,Curved,3.242566,40.034137,-6.019993,1.745018
837S1030,ENG25,Flattened,10.397401,10.397401,NA,0
837S1035,ENG25,Curved,8.844994,71.353778,-5.996172,1.447057
837S1255,ENG25,Curved,18.661715,100,-8.476674,0.819212
837S1261,ENG25,Curved,17.447161,100,-8.185636,0.997252
837S1263,ENG25,Curved,-4.866129,100,-9.440165,0.82492
837S1265,ENG25,Curved,26.233934,100,-8.370226,1.198539
837S1271,ENG25,Curved,24.708661,100,-9.354903,0.693147
837S1274,ENG25,Curved,100,100,NA,0
837S1278,ENG25,Flattened,15.664286,15.664286,NA,0
837S1279,ENG25,Curved,19.640707,100,-5.582138,0.693147
837S1289,ENG25,Curved,8.677601,48.964283,-5.967608,0.693147
837S1296,ENG25,Curved,19.386918,97.293747,-8.670755,1.068115
837S1302,ENG25,Curved,-1.625792,100,-7.565944,0.803738
837S1304,ENG25,Curved,10.168761,100,-6.268795,0.693147
837S1311,ENG25,Curved,9.230252,100,-6.913679,0.859186
837S1316,ENG25,Curved,-0.543197,100,-8.284363,0.770397
837S1320,ENG25,Curved,-0.896553,92.949676,-5.637337,0.693147
837S1324,ENG25,Curved,5.087489,100,-8.244344,0.800668
837S1336,ENG25,Curved,43.315121,100,-6.885376,0.693147
837S1343,ENG25,Curved,-12.123399,100,-6.181164,1.84405
837S1353,ENG25,Flattened,38.095902,38.095902,NA,0
837S1355,ENG25,Curved,48.786544,100,-7.207278,0.783845
837S1364,ENG25,Curved,20.384482,100,-8.171901,0.91425
837S1374,ENG25,Curved,24.180823,100,-10.09343,1.142687
837S1382,ENG25,Curved,4.129377,100,-5.532394,1.456334
837S1392,ENG25,Curved,14.9244,100,-4.042791,0.693147
837S1007,THA22,Curved,27.612438,92.584366,-6.919013,1.530586
837S1024,THA22,Flattened,36.002953,36.002953,NA,0
837S1030,THA22,Curved,8.870655,100,-8.136327,0.725886
837S1035,THA22,Flattened,19.315635,19.315635,NA,0
837S1255,THA22,Curved,48.855635,100,-10.860124,1.000806
837S1261,THA22,Curved,44.639348,100,-9.811235,1.081481
837S1263,THA22,Curved,52.878498,100,-10.571639,1.178975
837S1265,THA22,Curved,70.459128,100,-11.182665,1.585732
837S1271,THA22,Curved,41.800409,100,-10.32522,1.012699
837S1274,THA22,Curved,100,100,NA,0
837S1278,THA22,Curved,28.315734,100,-7.29521,0.693147
837S1279,THA22,Curved,33.478338,100,-5.757669,0.693147
837S1289,THA22,Curved,35.715853,100,-7.421865,0.693147
837S1296,THA22,Curved,53.09,100,-9.287082,1.091442
837S1302,THA22,Curved,77.754872,100,-11.206034,2.040461
837S1304,THA22,Curved,28.181152,100,-8.202352,0.693147
837S1311,THA22,Curved,41.32388,100,-7.022686,1.341034
837S1316,THA22,Curved,54.836501,100,-7.492904,1.256232
837S1320,THA22,Flattened,25.220768,25.220768,NA,0
837S1324,THA22,Curved,37.287556,100,-7.301283,1.378441
837S1336,THA22,Curved,43.691605,100,-6.758689,1.382332
837S1343,THA22,Curved,-50,100,-9.199184,1.752458
837S1353,THA22,Curved,20.54317,85.431013,-5.977387,0.897185
837S1355,THA22,Curved,34.553357,100,-5.874784,0.783446
837S1364,THA22,Curved,65.052289,100,-7.986585,0.867845
837S1374,THA22,Curved,100,100,NA,0
837S1382,THA22,Curved,40.698387,100,-6.699253,0.693147
837S1392,THA22,Flattened,51.309559,51.309559,NA,0
837S1394,ENG24,Curved,23.331861,100,-5.616717,0.950814
837S1399,ENG24,Flattened,31.270871,31.270871,NA,0
837S1400,ENG24,Curved,1.627434,100,-10.407466,1.127815
837S1401,ENG24,Curved,14.598768,100,-8.410116,1.379553
837S1408,ENG24,Curved,16.48024,100,-9.848513,1.334643
837S1419,ENG24,Curved,11.874721,100,-6.594509,0.693147
837S1421,ENG24,Flattened,2.645311,2.645311,NA,0
837S1434,ENG24,Curved,12.182015,100,-6.312321,1.129442
837S1435,ENG24,Curved,22.342926,100,-7.23774,1.441225
837S1439,ENG24,Curved,14.731086,100,-10.32177,1.272219
837S1457,ENG24,Curved,13.535293,100,-6.774806,1.822028
837S1458,ENG24,Curved,-30.227713,100,-7.799943,2.043681
837S1460,ENG24,Curved,14.728112,100,-8.336153,1.379703
837S1461,ENG24,Curved,8.547394,100,-7.9297,0.996694
837S1465,ENG24,Curved,26.691053,100,-10.760859,1.610321
837S1472,ENG24,Curved,15.51573,100,-4.691911,0.693147
837S1476,ENG24,Curved,11.354122,100,-5.315538,1.85644
837S1479,ENG24,Curved,19.9453,100,-5.341971,1.019632
837S1485,ENG24,Curved,12.901332,100,-8.593357,1.245623
837S1491,ENG24,Curved,5.508536,100,-8.980394,1.091138
837S1492,ENG24,Curved,30.914878,100,-6.221023,0.693147
837S1493,ENG24,Curved,21.269042,100,-8.43139,0.693147
837S1495,ENG24,Curved,14.11375,100,-9.440415,1.190839
837S1498,ENG24,Curved,20.792816,100,-8.711636,1.183989
837S1394,ENG25,Curved,26.60454,100,-5.218485,1.210358
837S1399,ENG25,Curved,21.800616,88.62826,-8.026105,0.693147
837S1400,ENG25,Curved,-7.624177,100,-10.565609,1.356913
837S1401,ENG25,Curved,8.668173,100,-6.561442,1.50752
837S1408,ENG25,Curved,19.220734,100,-9.28036,1.147354
837S1419,ENG25,Curved,17.279247,100,-6.500916,0.693147
837S1421,ENG25,Flattened,-0.586461,-0.586461,NA,0
837S1434,ENG25,Curved,12.602318,100,-7.645739,0.817052
837S1435,ENG25,Curved,23,50,-6.681349,0.693147
837S1439,ENG25,Curved,12.95264,100,-10.716965,1.08368
837S1457,ENG25,Flattened,24.886963,24.886963,NA,0
837S1458,ENG25,Curved,-50,100,-7.654745,1.136695
837S1460,ENG25,Curved,25.997644,100,-6.452791,0.693147
837S1461,ENG25,Curved,12.22529,100,-8.035682,0.775832
837S1465,ENG25,Curved,-1.091982,100,-9.523035,1.191538
837S1472,ENG25,Curved,28.663458,100,-5.629739,1.342222
837S1476,ENG25,Curved,12.35133,100,-5.286373,1.478234
837S1479,ENG25,Curved,19.580787,100,-5.721014,0.698323
837S1485,ENG25,Curved,15.21351,100,-7.688538,1.079044
837S1491,ENG25,Curved,10.056365,72.633552,-5.001982,1.653376
837S1492,ENG25,Curved,29.440289,100,-8.234498,0.820878
837S1493,ENG25,Curved,30.955606,100,-8.417689,0.852896
837S1495,ENG25,Curved,24.579113,100,-6.049911,0.693147
837S1498,ENG25,Curved,31.321363,100,-7.959558,1.032781
837S1394,THA22,Curved,16.589451,100,-6.999487,1.014486
837S1399,THA22,Curved,19.075637,100,-8.100635,0.695345
837S1400,THA22,Curved,18.454917,100,-10.346186,1.470563
837S1401,THA22,Curved,11.968265,100,-9.002368,1.2159469999999999
837S1408,THA22,Curved,25.059869,100,-9.994413,1.447801
837S1419,THA22,Curved,21.663045,100,-7.950913,0.863153
837S1421,THA22,Flattened,11.666211,11.666211,NA,0
837S1434,THA22,Curved,18.953323,100,-7.866552,1.167612
837S1435,THA22,Curved,24.369562,100,-7.780673,1.287042
837S1439,THA22,Curved,30.727189,100,-10.601094,1.499566
837S1457,THA22,Curved,22.805981,100,-7.902993,0.88859
837S1458,THA22,Curved,-30.574154,100,-9.109801,1.213853
837S1460,THA22,Curved,15.728629,100,-8.652114,1.390524
837S1461,THA22,Curved,14.360133,100,-8.345091,1.227014
837S1465,THA22,Curved,42.365393,100,-11.241385,1.841596
837S1472,THA22,Curved,10.080469,100,-6.875604,0.956456
837S1476,THA22,Curved,12.864352,100,-5.713986,1.44728
837S1479,THA22,Curved,21.448797,100,-6.266852,1.169458
837S1485,THA22,Curved,23.294091,100,-9.106107,1.225512
837S1491,THA22,Curved,9.120623,100,-9.076322,1.14143
837S1492,THA22,Curved,16.141384,92.793941,-8.439904,0.765691
837S1493,THA22,Curved,21.753975,100,-8.688797,0.69976
837S1495,THA22,Curved,12.817495,93.495385,-10.046791,0.942286
837S1498,THA22,Curved,-6.386497,95,-11.015054,0.796454
837S1033,ENG24,Curved,-34.0526260000000,100,-6.822018000000000,0.6510210000000000
837S1056,ENG24,Curved,-28.21858800000000,90.1264680000000,-6.496,1.0045080000000000
837S1058,ENG24,Curved,-20.77599700000000,60,-5.702897000000000,2
837S1093,ENG24,Curved,-13.926364000000000,100,-7.268482000000000,1.5270360000000001
837S1095,ENG24,Curved,-43.2030640000000,94.15501200000000,-7.680163000000000,1.0273900000000000
837S1033,ENG25,Curved,7.209050000000000,100,-8.653499000000000,1.004600000000000
837S1056,ENG25,Curved,-0.22790600000000000,63.28568000000000,-6.786276000000000,2
837S1058,ENG25,Curved,-1.8982140000000001,100,-5.24987400000000,2
837S1093,ENG25,Curved,-3.0065499999999998,90.91767400000001,-7.569097000000000,2
837S1095,ENG25,Curved,-42.23777400000000,100,-7.161634000000000,1.8680349999999999
837S1033,THA22,Curved,-14.808294999999999,94.39785700000000,-8.266499000000000,1.0615840000000001
837S1056,THA22,Curved,-21.784697999999999,92.87694100000000,-7.38190200000000,1.1709320000000001
837S1058,THA22,Curved,-31.12403500000000,100,-6.155384000000000,1.218286000000000
837S1093,THA22,Curved,-9.867182000000000,97.54058200000000,-8.574306000000000,1.3701980000000000
837S1095,THA22,Curved,-10.96465700000000,98.04267500000000,-8.810778000000001,1.246360000000000
837S1097,ENG24,Curved,-15.944086000000000,83.87551800000000,-8.245843000000001,1.7369399999999999
837S1098,ENG24,Curved,-4.990293000000000,60,-5.73023300000000,1.0781559999999999
837S1099,ENG24,Curved,-2.0291920000000001,71.35365600000000,-6.96820900000000,2
837S1103,ENG24,Curved,-3.923067000000000,60,-5.672582000000000,2
837S1121,ENG24,Curved,-15.74803000000000,69.65267400000000,-5.998795000000000,0.8528559999999999
837S1161,ENG24,Curved,-5.8716020000000002,86.94608599999999,-7.130644000000000,1.7369900000000000
837S1185,ENG24,Curved,-0.9076090000000000,60,-5.211351000000000,1.159196000000000
837S1198,ENG24,Curved,3.843224000000000,98.12810899999999,-8.45055000000000,1.923998000000000
837S1209,ENG24,Curved,-22.704522999999998,60,-7.016997000000000,0.6
837S1221,ENG24,Curved,-5.328556000000000,100,-8.25224800000000,1.2297549999999999
837S1235,ENG24,Curved,9.02192400000000,60.43855200000000,-5.546930000000000,1.7901870000000000
837S1268,ENG24,Curved,7.852365000000000,60,-4.980556000000000,1.2168079999999999
837S1280,ENG24,Curved,-13.626636000000000,60,-6.927688000000000,0.7265180000000000
837S1286,ENG24,Curved,4.406597000000000,59.07090300000000,-5.755380000000000,0.9371340000000000
837S1288,ENG24,Curved,4.911173000000000,79.06539900000000,-6.52452500000000,1.277896000000000
837S1293,ENG24,Curved,1.7969970000000000,60,-4.700378000000000,2
837S1097,ENG25,Curved,-13.054904000000001,79.38450300000000,-6.833671000000000,1.3854320000000000
837S1098,ENG25,Curved,-9.345788000000001,100,-7.13532100000000,1.4593119999999999
837S1099,ENG25,Curved,-2.245375000000000,91.52752200000000,-7.779271000000000,1.773780000000000
837S1103,ENG25,Curved,7.905032000000000,100,-4,0.8678080000000000
837S1121,ENG25,Curved,-17.724380000000000,93.33952700000000,-7.231252000000000,1.202094000000000
837S1161,ENG25,Curved,1.4073130000000000,97.82570100000000,-5.184982000000000,0.8144450000000000
837S1185,ENG25,Curved,-2.2852860000000002,98.22357800000000,-7.759106000000000,1.3614320000000000
837S1198,ENG25,Curved,8.216675000000000,92.00041500000000,-6.804615000000000,1.327818000000000
837S1209,ENG25,Curved,0.13554900000000000,86.11033100000000,-5.402889000000000,1.0500540000000000
837S1221,ENG25,Curved,5.087630000000000,100,-7.762016000000000,1.1474970000000000
837S1235,ENG25,Curved,11.850728999999999,60,-5.737408000000000,2
837S1268,ENG25,Curved,15.731064000000000,96.11763999999999,-5.347455000000000,2
837S1280,ENG25,Curved,-17.498654999999999,100,-7.99088100000000,0.8226170000000000
837S1286,ENG25,Curved,10.325170000000000,69.56554900000000,-5.64796000000000,0.6016990000000000
837S1288,ENG25,Curved,3.8618869999999998,94.17862900000000,-7.049505000000000,0.9231510000000001
837S1293,ENG25,Curved,-7.5257399999999999,87.52976500000000,-7.900669000000000,1.6867479999999999
837S1097,THA22,Curved,-23.91231500000000,100,-8.192356000000000,1.2797069999999999
837S1098,THA22,Curved,-7.40106800000000,100,-6.818902000000000,0.8597260000000000
837S1099,THA22,Curved,-6.848668000000000,100,-8.42986400000000,1.0989169999999999
837S1103,THA22,Curved,-9.981774000000000,66.72261899999999,-6.356543000000000,1.490929000000000
837S1121,THA22,Curved,-7.290181000000000,94.29460400000001,-7.600713000000000,0.9586650000000000
837S1161,THA22,Curved,2.2090909999999999,100,-7.662702000000000,1.190577000000000
837S1185,THA22,Curved,0.5785260000000000,71.98250899999999,-5.950262000000000,1.0291830000000000
837S1198,THA22,Curved,-50,100,-10.587261000000000,0.7884800000000000
837S1209,THA22,Curved,-13.90511600000000,60,-6.994200000000000,1.3468380000000000
837S1221,THA22,Curved,-5.406618000000000,100,-9.2192419999999995,1.4258850000000001
837S1235,THA22,Curved,-7.639242000000000,62.793368000000001,-6.984654000000000,1.4695360000000000
837S1268,THA22,Curved,0.8694650000000000,100,-7.0749100000000000,0.6
837S1280,THA22,Curved,-9.452405000000001,100,-8.029469000000001,1.0489729999999999
837S1286,THA22,Curved,-18.57477900000000,88.9450860000000,-7.487692000000000,0.920596000000000
837S1288,THA22,Curved,-5.702096000000000,100,-8.291912999999999,1.06488400000000
837S1293,THA22,Curved,-11.128788999999999,80.87293099999999,-7.489161000000000,0.8657270000000000
837S1368,ENG24,Curved,-3.8493539999999999,100,-6.9028250000000,1.176919000000000
837S1388,ENG24,Curved,5.3018739999999998,100,-7.354594000000000,1.3230540000000000
837S1395,ENG24,Curved,19.914501999999999,100,-4,1.2869280000000001
837S1409,ENG24,Curved,8.52751400000000,100,-8.486447999999999,1.335900000000000
837S1411,ENG24,Curved,-9.342874999999999,100,-10.037222000000000,1.62514800000000
837S1418,ENG24,Curved,8.663651000000000,100,-4,1.263345000000000
837S1423,ENG24,Curved,1.102663000000000,100,-4.09866200000000,0.6
837S1425,ENG24,Curved,3.38392400000000,100,-6.5865570000000000,1.517702000000000
837S1449,ENG24,Curved,-2.663891000000000,100,-8.532594000000000,1.1476010000000001
837S1481,ENG24,Curved,-9.234180000000000,100,-9.83584100000000,1.0134270000000001
837S1484,ENG24,Curved,23.82618000000000,60,-3.925944000000000,0.7896450000000000
837S1368,ENG25,Curved,-3.948181000000000,100,-7.119923000000000,2
837S1388,ENG25,Curved,2.524178000000000,64.03678900000000,-6.305479000000000,2
837S1395,ENG25,Curved,-2.3191290000000002,78.85678000000000,-6.321049000000000,2
837S1409,ENG25,Curved,-25.124728000000001,100,-10.364598000000,1.3083440000000000
837S1411,ENG25,Curved,-31.041041000000000,100,-8.979101999999999,0.901409000000000
837S1418,ENG25,Curved,-5.112892000000000,98.42696200000000,-5.823209000000000,0.9866120000000000
837S1423,ENG25,Curved,-13.887729000000000,100,-6.039056000000000,0.8266130000000000
837S1425,ENG25,Curved,-6.870249000000000,100,-6.745104000000000,1.512790000000000
837S1449,ENG25,Curved,6.599439000000000,100,-5.986721000000000,0.8681710000000000
837S1481,ENG25,Curved,-5.139557000000000,100,-8.94563300000000,0.9974750000000000
837S1484,ENG25,Curved,6.208306000000000,100,-7.126671000000000,0.7630620000000000
837S1368,THA22,Curved,-0.3149160000000000,100,-7.449118000000000,1.3634750000000000
837S1388,THA22,Curved,7.580646000000000,100,-8.295133000000000,0.9900490000000000
837S1395,THA22,Curved,23.42148600000000,97.73978900000000,-4.939614000000000,1.2021900000000001
837S1409,THA22,Curved,8.958411999999999,100,-9.150377000000001,1.479045000000000
837S1411,THA22,Curved,23.15391900000000,100,-10.57250200000000,1.9397030000000000
837S1418,THA22,Curved,6.968074000000000,97.59157500000001,-7.452388000000000,0.8514380000000000
837S1423,THA22,Curved,3.695544000000000,100,-7.325070000000000,0.8784690000000001
837S1425,THA22,Curved,5.374389000000000,100,-7.329632000000000,1.2786299999999999
837S1449,THA22,Curved,0.7436130000000000,100,-9.097357000000001,1.198357000000000
837S1481,THA22,Curved,-50,100,-11.127247000000001,0.7450430000000000
837S1484,THA22,Curved,40,100,-4.069451000000000,2
837S1330,ENG24,Curved,2.2555010000000002,60,-4,2
837S1339,ENG24,Curved,-6.441969000000000,94.29064700000001,-8.348801999999999,1.4088650000000000
837S1350,ENG24,Curved,-3.413372000000000,60,-5.433651000000000,1.1515839999999999
837S1366,ENG24,Curved,-5.311036000000000,60,-4.915474000000000,1.2060460000000000
837S1431,ENG24,Curved,-1.9095350000000000,60,-4.066158000000000,2
837S1432,ENG24,Curved,2.272459000000000,60,-4.042740000000000,2
837S1433,ENG24,Curved,7.5273920000000,100,-11.00406400000000,1.3933040000000001
837S1441,ENG24,Curved,-8.431756999999999,60,-4,0.6
837S1330,ENG25,Curved,-10.089174999999999,60,-6.246507000000000,2
837S1339,ENG25,Curved,-9.378700000000000,60,-6.442052000000000,2
837S1350,ENG25,Curved,-13.796518000000001,100,-7.069013000000000,0.7549320000000000
837S1366,ENG25,Curved,-1.1267520000000000,71.80251100000000,-7.033609000000000,1.6649339999999999
837S1431,ENG25,Curved,-8.507706000000001,60,-6.6753689999999999,1.5005640000000000
837S1432,ENG25,Curved,-8.775036999999999,60,-6.385244000000000,0.6
837S1433,ENG25,Curved,-37.923566999999998,100,-9.1873269999999998,0.6680739999999999
837S1441,ENG25,Curved,-9.248710000000001,70.28292800000000,-5.797743000000000,2
837S1330,THA22,Curved,-5.668646000000000,60,-6.625900000000000,0.9667190000000000
837S1339,THA22,Curved,-13.684632000000001,100,-9.012829000000000,1.0270109999999999
837S1350,THA22,Curved,-8.117247000000001,96.41859900000000,-8.178711000000000,0.9180350000000000
837S1366,THA22,Curved,-8.619006000000001,94.12776100000001,-7.9950530000000004,0.8896640000000000
837S1431,THA22,Curved,-14.828676000000000,93.13661000000000,-7.068308000000000,0.9716310000000000
837S1432,THA22,Curved,-5.51453800000000,100,-6.167196000000000,0.8392060000000000
837S1433,THA22,Curved,-0.5626380000000000,100,-11.396743000000001,1.2380510000000000
837S1441,THA22,Curved,-24.127882000000000,60,-4,0.6454440000000000
